SEÇÕES	LOCAIS DE VOTAÇÃO	LINK	LATITUDE, LONGITUDE
001-002-034-035-155-166-202-254-279-303-326-	PÇA E. COMTE. SÉRGIO RIBEIRO (PRAIA SECA)	https://maps.app.goo.gl/ohsy6xAmdXSqJV4g8?g_st=ac	-22,9225214, -42,3081065
003-017-018-123-169-188-258-266-311-333-	E. M. ANDRÉ GOMES (BANANEIRAS)	https://maps.app.goo.gl/fQzYDpQLUa1rMFxp9?g_st=ac	-22.867439, -42.282747
004-005-006-007-008-125-167-180-187-190-199-208-219-240-250-274-299-	FACULDADE UNILAGOS	https://maps.app.goo.gl/YqBEnL3PQyyEXtCc7?g_st=ac	-22.861137, -42.325519
009-010-131-146-168-211-221-270-277-	E. M. VER. MOYSES RAMALHO (VILA CAPRI)	https://maps.app.goo.gl/fUsNZPMdDwh56hme6?g_st=ac	-22.867997, -42.321757
011-012-013-074-075-076-117-121-183-283-	COLÉGIO ARARUAMA (CENTRO)	https://maps.app.goo.gl/SvPxjfvoD5RvLp3Y7?g_st=ac	-22.871609, -42.340574
014-071-072-073-118-133-178-252-263-278-	C. E. EDMUNDO SILVA (CENTRO)	https://maps.app.goo.gl/LHvshQAoF2a3a6mf7?g_st=ac	-22.869259, -42.339300
015-016-056-057-058-196-268-282-325-	E. M. E. FRANCISCO JOSÉ DE MARINS (MESTRE KIKO) – XV DE NOVEMBRO	https://maps.app.goo.gl/mksQNoY2KmixrXDm7?g_st=ac	-22.876159, -42.354335
019-040-096-139-142-151-328-339-342	E.M.E. MARGARIDA TRINDADE DE DEUS (FAZENDINHA)	https://maps.app.goo.gl/jHrtuTcSQmoLu6Xz7?g_st=ac	-22.847669, -42.319774
020-021-127-179-207-237-	E.E. CLARICE MOREIRA CALDAS (PONTE DOS LEITES)	https://maps.app.goo.gl/EZ9acex8DkxY1zo96	-22.884566, -42.369918
022-023-024-025-170-194-297-	E. M. JOÃO BRITO DE SOUZA (JARDIM SÃO PAULO)	https://maps.app.goo.gl/gF2meYB8BwiVFQ2b7	-22.856298, -42.344969
026-027-028-129-165-189-294-308-334-	PÇA E. M. PREF. AFRÂNIO VALLADARES - ITATIQUARA	https://maps.app.goo.gl/EhuZuUft6x24a3Ah7?g_st=ac	-22.830894, -42.358643
029-030-031-038-039-113-124-173-275-	CIEP 253 - GUIMARÃES ROSA (EDUCANDÁRIO)	https://maps.app.goo.gl/EH26hLVz54Q4Asui9?g_st=ac	-22.871093,-42.350857
032-033-122-160-185-	ESCOLA PARATY (PARATY)	https://maps.app.goo.gl/aA51CjfZmhSxVsXE7?g_st=ac	-22.863818, -42.313752
036-037-047	E.M. FRANCISCO D. NETO (BOA VISTA)	https://maps.app.goo.gl/2vtdRvna8rxPgfSx8?g_st=ac	-22.814995, -42.331039
041-042-043-128-158-197-298-317-336-	E.M. CELINA MESQUITA PEDROSA (IGUABINHA)	https://maps.app.goo.gl/6ercWSXZ1tQpx9eu6?g_st=ac	-22.856427, -42.243107
044-048-174-213-	E.M. TONINHO SENRA (REGAMÉ)	https://maps.app.goo.gl/toVujQ9zYyCW9ddU7?g_st=ac	-22.854178, -42.368959
045-046-149-159-171-217-292-318	E.M. DARCY RIBEIRO (PRAIA DO HOSPÍCIO)	https://maps.app.goo.gl/KAoCRMxSK6L4NQeP9?g_st=ac	-22.883557, -42.345755
049-050-051-052-114-161-172-181-186-301-314-	PÇA E. DR. FERNANDO CARVALHO (FAZENDINHA)	https://maps.app.goo.gl/PRWcdTd8irhMWtpT7?g_st=ac	-22.850966,-42.325824
053-054-236-248-276-313-	E.M. BRUNNO NAMETALA (ENGENHO GRANDE)	https://maps.app.goo.gl/6mMQz9XqTKG8z7C76?g_st=ac	-22.878557, -42.379708
055-234-	E.M. SARA URRUTIA BATISTA (ENGENHO NOVO)	https://maps.app.goo.gl/uyXQ2mpRqSiwSGQ1A?g_st=ac	-22.830187, -42.261786
059-060-061-062-119-132-143-175-273-	C. PROF. FERNANDO M. CALDAS (CENTRO)	https://maps.app.goo.gl/p62s4ZQvhdjgE2qy7?g_st=ac	-22.875367, -42.338417
069-070-115-141-148-162-164-214-218-259-265-	E. M. PROF. NAIR VALLADARES	https://maps.app.goo.gl/GQSACcLZ6DJwSuLY8?g_st=ac	-22.868285, -42.339388
077-087	E. M. PRODÍGIO (PRODÍGIO)	https://maps.app.goo.gl/q6HWgu4sUKdvDNHfA?g_st=ac	-22.755482, -42.324443
078-079-080-083-088-116-135-137-147-157-182-238-	E.M. HONORINO COUTINHO (MORRO GRANDE)	https://maps.app.goo.gl/ZqbZRGpW7pUovbQ37	-22.786227, -42.364147
081-082-085-086-144	E. M. AGOSTINHO FRANCESCHI (AURORA)	https://maps.app.goo.gl/9KCGqz7KB2HNRZoT8?g_st=ac	-22.802692,-42.416252
084-225-233-307-	E. M. JERÔNIMO CARLOS (PARACATU)	https://maps.app.goo.gl/MeMqSTRvp8ZxifRN9?g_st=ac	-22.818924, -42.376504
088-089-090-091-092-093-152-272-309-	E. M. VER. EDEMUNDO PEREIRA DE SÁ CARVALHO - (LOT. SANTANA - SÃO VICENTE)	https://maps.app.goo.gl/yvqQzqrs4Fs4t2uz9?g_st=ac	-22.722129, -42.264748
094-108-109-110-111-112-287-315-341	E.M. PROF. PEDRO PAULO (SÃO VICENTE)	https://maps.app.goo.gl/nd9m7MwNJ3C5Xv5h8	-22.727029, -42.255448
097-101	E.M. FAUSTINA S. DE CARVALHO (NORIVAL CARVALHO - SÃO VICENTE)	https://maps.app.goo.gl/uTWVFiMXLzeaHTu49	-22.710510, -42.271029
098-099-100-312-	E.M. JOÃO AUGUSTO CHAVES (SOBRADINHO - SÃO VICENTE)	https://maps.app.goo.gl/4oqCmT9mb6ZJJKuH6	-22.688659, -42.195387
102-107-120-126-153-176-192-206-215-232-257-	CIEP 384 - GONÇALVES DIAS (SÃO VICENTE)	https://maps.app.goo.gl/9egS35g9tH18C2719	-22.727519, -42.258076
103-104-242-	E.M. JOSÉ CORRÊA DA FONSECA (SÃO VICENTE)	https://maps.app.goo.gl/BnDHCGmd1Q9RNZTS6	-22.743949, -42.259699
105-243-	E.M. NEDIR PAULO B. DA ROSA (POSSE)	https://maps.app.goo.gl/UqshVycpbdEo79aP9	-22.767164, -42.223179
130-177-205-216-249-267-293-319-335	E.M. SINVAL PINTO DE FIGUEIREDO (MUTIRÃO)	https://maps.app.goo.gl/EfdToPjAUan7thuM6	-22.859558, -42.341473
136-145-163-184-204-210-228-235-253-302-322-338	E.M. DR. JOÃO VASCONCELLOS (EDUCANDÁRIO)	https://maps.app.goo.gl/gJUUZa5myHfSSXv16	-22.869998, -42.349961
154-239-	E.M. PASTOR ALCEBÍADES (SOUBARA)	https://maps.app.goo.gl/fcEyLF2ETcmnL22d8	-22.640335, -42.201855
191-195-198-209-222-223-227-241-255-	E.M. PROF. ORLANDO DIAS RIBEIRO (CENTRO)	https://maps.app.goo.gl/F2PqcgvGHBNWWpHa9	-22.866788, -42.341364
193-226-230-256-262-269-	CIEP 460 - THIOPHILA BRAGANÇA (CLUBE DOS ENGENHEIROS)	https://maps.app.goo.gl/y6cnHu2GHwuB6mw19	-22.850700, -42.333013
200-229-280-310-	E.M. ANDERSON D. DE OLIVEIRA (TRÊS VENDAS)	https://maps.app.goo.gl/RJSv64c9f4SegCcBA	-22.847440, -42.351462
201-212-224-251-271-285-296-320-332-	E.M. PREF. ALTEVIR VIEIRA BARRETO (IGUABINHA)	https://maps.app.goo.gl/pyJMzEJgs9cJED7z9	-22.860530, -42.267201
203-220-231-246-260-295-	E.M. RAYMUNDO M. CAMARÃO (PARATY)	https://maps.app.goo.gl/W46mBxj956YfLwGb6	-22.860566, -42.300217
244-284-286-288-289-290-291-304-323-	E.M. BILINGUE SUELI AMARAL (PARQUE HOTEL)	https://maps.app.goo.gl/MXeWGsCJeWB99FbLA	-22.870373, -42.333907
245-261-264-281-300-337-	C.E. SGT PM ANTONIO CARLOS DE OLIVEIRA DE MOURA (HOSPÍCIO)	https://maps.app.goo.gl/WtKKzQHnjKEwv38QA	-22.883592, -42.345769
305-306-316-321-324-327-329-330-331-340-	E.M. BILÍNGUE GASTRONOMIA E HOTELARIA (PARQUE HOTEL)	https://maps.app.goo.gl/varhgeUXB5pnYpjZ6	-22.869765, -42.331988